user_id,first_visit_date,channel,source,device,sessions,page_views,bounce,add_to_cart,purchase,revenue,ad_cost,clicks,impressions,repeat_purchase,retention_month
1,2025-02-17,Referral,instagram,Mobile,7,4,0,1,1,401318,0,40,880,0,2
2,2025-01-05,Referral,facebook,Mobile,3,5,0,0,0,0,0,12,264,0,0
3,2025-01-26,Referral,tiktok,Mobile,4,5,0,0,0,0,0,3,72,0,0
4,2025-02-24,Paid Ads,facebook,Mobile,4,2,0,1,0,0,18215,16,320,0,0
5,2025-01-04,Referral,instagram,Mobile,1,18,0,0,0,0,0,44,792,0,0
6,2025-01-20,Paid Ads,instagram,Mobile,3,7,0,1,1,437658,12543,35,490,0,2
7,2025-01-24,Organic Search,tiktok,Mobile,4,10,0,1,1,212722,0,6,84,0,4
8,2025-02-09,Organic Search,direct,Mobile,3,17,0,1,1,263562,0,44,572,0,2
9,2025-01-29,Referral,google,Mobile,6,17,0,0,0,0,0,7,77,0,0
10,2025-02-27,Social Media,tiktok,Mobile,2,10,0,0,0,0,0,42,210,0,0
11,2025-01-15,Organic Search,tiktok,Desktop,6,14,0,0,0,0,0,30,990,0,0
12,2025-01-24,Organic Search,google,Mobile,6,12,0,1,1,194970,0,31,527,0,4
13,2025-01-09,Referral,facebook,Mobile,4,10,0,0,0,0,0,23,207,0,0
14,2025-01-26,Email,direct,Desktop,7,1,0,1,0,0,0,17,221,0,0
15,2025-02-16,Paid Ads,direct,Desktop,5,1,1,1,0,0,39529,41,1312,0,0
16,2025-02-12,Paid Ads,facebook,Desktop,7,4,0,1,1,80539,44442,3,48,1,1
17,2025-01-27,Organic Search,instagram,Desktop,3,16,0,0,0,0,0,36,432,0,0
18,2025-01-09,Paid Ads,tiktok,Mobile,4,18,0,0,0,0,24786,30,810,0,0
19,2025-02-09,Social Media,facebook,Mobile,1,15,0,0,0,0,0,49,343,0,0
20,2025-02-08,Paid Ads,direct,Desktop,7,12,0,1,0,0,60621,28,448,0,0
21,2025-01-05,Social Media,google,Mobile,1,9,0,1,0,0,0,48,816,0,0
22,2025-02-18,Referral,facebook,Desktop,5,1,1,0,0,0,0,6,126,0,0
23,2025-01-08,Email,instagram,Mobile,3,18,0,0,0,0,0,41,1353,0,0
24,2025-02-14,Paid Ads,facebook,Desktop,3,13,0,0,0,0,30838,45,1620,0,0
25,2025-01-01,Paid Ads,direct,Mobile,6,11,0,0,0,0,57227,2,38,0,0
26,2025-01-12,Organic Search,facebook,Mobile,1,11,0,1,1,457110,0,23,782,1,2
27,2025-02-25,Social Media,facebook,Mobile,5,14,0,0,0,0,0,47,1598,0,0
28,2025-02-28,Organic Search,tiktok,Mobile,2,13,0,1,0,0,0,18,270,0,0
29,2025-01-07,Paid Ads,instagram,Desktop,3,14,0,1,0,0,55898,42,1386,0,0
30,2025-01-20,Organic Search,instagram,Desktop,2,10,0,0,0,0,0,46,828,0,0
31,2025-02-14,Paid Ads,direct,Mobile,3,1,0,1,0,0,79437,14,420,0,0
32,2025-01-06,Email,google,Desktop,1,18,0,1,0,0,0,14,518,0,0
33,2025-02-26,Social Media,tiktok,Desktop,5,11,0,0,0,0,0,28,840,0,0
34,2025-01-25,Organic Search,google,Mobile,1,5,0,0,0,0,0,17,221,0,0
35,2025-02-25,Social Media,direct,Mobile,1,3,0,1,1,236249,0,25,175,0,1
36,2025-02-23,Organic Search,tiktok,Desktop,2,17,0,1,0,0,0,49,1568,0,0
37,2025-02-18,Organic Search,facebook,Mobile,3,13,0,1,0,0,0,6,72,0,0
38,2025-03-01,Organic Search,email,Mobile,3,8,0,1,0,0,0,37,444,0,0
39,2025-01-01,Organic Search,instagram,Desktop,4,7,0,0,0,0,0,36,180,0,0
40,2025-02-04,Referral,email,Mobile,6,17,0,0,0,0,0,29,145,0,0
41,2025-02-26,Email,email,Desktop,2,3,0,1,1,159375,0,29,406,1,5
42,2025-01-10,Email,facebook,Mobile,7,9,0,1,0,0,0,43,903,0,0
43,2025-01-15,Paid Ads,direct,Mobile,3,2,0,0,0,0,21975,38,912,0,0
44,2025-02-08,Organic Search,facebook,Mobile,6,9,0,0,0,0,0,35,630,0,0
45,2025-01-05,Organic Search,google,Desktop,5,3,0,0,0,0,0,3,21,0,0
46,2025-02-16,Paid Ads,tiktok,Mobile,6,9,0,0,0,0,57353,36,612,0,0
47,2025-01-10,Organic Search,tiktok,Mobile,1,4,0,1,1,202134,0,32,832,0,2
48,2025-01-24,Paid Ads,email,Mobile,3,14,0,1,1,494173,55219,1,37,0,1
49,2025-02-05,Paid Ads,direct,Mobile,7,6,0,1,0,0,24528,39,702,0,0
50,2025-01-04,Email,instagram,Desktop,4,12,0,0,0,0,0,14,476,0,0
51,2025-01-09,Social Media,tiktok,Mobile,5,11,0,1,0,0,0,38,608,0,0
52,2025-01-20,Social Media,tiktok,Mobile,4,3,0,1,0,0,0,45,1350,0,0
53,2025-02-18,Paid Ads,email,Desktop,3,9,0,1,0,0,6132,32,448,0,0
54,2025-01-02,Paid Ads,google,Desktop,3,16,0,0,0,0,31835,45,270,0,0
55,2025-01-01,Paid Ads,google,Desktop,1,11,0,1,0,0,22282,40,1520,0,0
56,2025-01-17,Paid Ads,facebook,Desktop,6,19,0,0,0,0,15503,41,820,0,0
57,2025-02-24,Paid Ads,tiktok,Mobile,2,11,0,0,0,0,60480,29,1044,0,0
58,2025-02-01,Referral,email,Desktop,1,1,0,0,0,0,0,3,24,0,0
59,2025-01-30,Email,google,Mobile,6,15,0,0,0,0,0,37,518,0,0
60,2025-02-14,Paid Ads,email,Mobile,4,14,0,0,0,0,70145,44,220,0,0
61,2025-01-29,Paid Ads,direct,Mobile,7,3,0,0,0,0,40226,11,330,0,0
62,2025-01-08,Referral,instagram,Mobile,4,17,0,0,0,0,0,48,480,0,0
63,2025-01-24,Social Media,google,Desktop,6,13,0,1,1,127388,0,47,1692,0,5
64,2025-01-11,Organic Search,google,Mobile,7,2,0,0,0,0,0,28,812,0,0
65,2025-02-11,Organic Search,instagram,Mobile,6,14,0,1,1,199901,0,45,540,0,2
66,2025-02-05,Paid Ads,email,Mobile,1,5,0,1,0,0,20988,14,406,0,0
67,2025-01-01,Social Media,email,Mobile,3,4,0,1,0,0,0,5,100,0,0
68,2025-01-08,Social Media,google,Mobile,4,16,0,1,1,297241,0,37,962,0,1
69,2025-01-24,Organic Search,google,Desktop,7,9,0,0,0,0,0,40,760,0,0
70,2025-01-29,Email,email,Desktop,3,15,0,0,0,0,0,23,736,0,0
71,2025-02-25,Paid Ads,tiktok,Mobile,5,2,0,1,1,224843,51707,17,561,0,1
72,2025-02-02,Social Media,google,Mobile,4,6,0,0,0,0,0,21,315,0,0
73,2025-01-22,Referral,email,Desktop,5,8,0,1,1,441954,0,28,560,1,2
74,2025-02-06,Paid Ads,tiktok,Mobile,6,8,0,1,1,206837,41724,12,96,0,1
75,2025-02-05,Organic Search,instagram,Mobile,3,1,1,1,0,0,0,41,943,0,0
76,2025-02-03,Social Media,tiktok,Mobile,2,18,0,1,1,495675,0,37,481,0,1
77,2025-01-04,Organic Search,email,Mobile,7,6,0,0,0,0,0,49,784,0,0
78,2025-03-01,Referral,facebook,Desktop,6,12,0,0,0,0,0,9,198,0,0
79,2025-01-28,Organic Search,google,Desktop,6,7,0,1,0,0,0,25,525,0,0
80,2025-02-03,Organic Search,google,Desktop,4,12,0,0,0,0,0,49,735,0,0
81,2025-01-20,Referral,email,Desktop,4,17,0,0,0,0,0,33,957,0,0
82,2025-01-28,Paid Ads,direct,Mobile,5,14,0,1,0,0,9567,27,1053,0,0
83,2025-01-05,Email,tiktok,Mobile,7,6,0,1,1,72282,0,16,480,1,1
84,2025-01-20,Paid Ads,google,Desktop,5,5,0,0,0,0,32837,18,594,0,0
85,2025-02-03,Organic Search,instagram,Desktop,1,5,0,0,0,0,0,3,108,0,0
86,2025-03-01,Organic Search,tiktok,Mobile,7,4,0,1,0,0,0,26,858,0,0
87,2025-01-31,Organic Search,google,Desktop,1,3,0,0,0,0,0,11,374,0,0
88,2025-02-27,Paid Ads,email,Desktop,3,17,0,0,0,0,6415,47,752,0,0
89,2025-02-07,Organic Search,instagram,Mobile,6,13,0,1,0,0,0,6,60,0,0
90,2025-01-10,Organic Search,instagram,Mobile,4,1,1,0,0,0,0,23,460,0,0
91,2025-01-30,Referral,direct,Tablet,3,9,0,0,0,0,0,34,918,0,0
92,2025-01-18,Referral,facebook,Mobile,1,4,0,0,0,0,0,4,44,0,0
93,2025-02-01,Social Media,instagram,Mobile,5,3,0,0,0,0,0,28,364,0,0
94,2025-01-03,Referral,email,Desktop,2,9,0,0,0,0,0,22,726,0,0
95,2025-01-20,Email,direct,Desktop,3,9,0,0,0,0,0,4,64,0,0
96,2025-02-20,Organic Search,google,Mobile,4,17,0,0,0,0,0,8,64,0,0
97,2025-01-19,Paid Ads,facebook,Mobile,2,13,0,0,0,0,29410,23,138,0,0
98,2025-01-22,Social Media,instagram,Desktop,3,5,0,0,0,0,0,13,156,0,0
99,2025-02-25,Organic Search,google,Desktop,7,13,0,1,0,0,0,44,1408,0,0
100,2025-01-04,Paid Ads,direct,Desktop,3,10,0,0,0,0,49307,19,532,0,0
101,2025-01-12,Referral,direct,Mobile,6,6,0,1,0,0,0,43,430,0,0
102,2025-02-28,Referral,instagram,Desktop,5,8,0,0,0,0,0,46,1518,0,0
103,2025-02-17,Organic Search,tiktok,Desktop,5,16,0,1,0,0,0,42,504,0,0
104,2025-01-17,Social Media,google,Mobile,4,9,0,1,0,0,0,37,999,0,0
105,2025-01-13,Social Media,email,Mobile,3,10,0,1,0,0,0,37,1443,0,0
106,2025-01-30,Referral,email,Mobile,6,13,0,0,0,0,0,13,260,0,0
107,2025-02-13,Organic Search,tiktok,Desktop,6,1,1,1,0,0,0,37,185,0,0
108,2025-02-11,Social Media,tiktok,Mobile,4,11,0,1,1,463083,0,14,476,0,2
109,2025-01-10,Paid Ads,instagram,Desktop,5,14,0,0,0,0,51826,12,168,0,0
110,2025-01-13,Paid Ads,instagram,Tablet,7,7,0,0,0,0,9400,37,888,0,0
111,2025-01-04,Organic Search,direct,Mobile,5,3,0,1,0,0,0,26,364,0,0
112,2025-02-16,Paid Ads,email,Mobile,5,1,1,1,0,0,71086,35,840,0,0
113,2025-01-15,Paid Ads,email,Mobile,4,16,0,0,0,0,9679,24,480,0,0
114,2025-01-21,Organic Search,tiktok,Desktop,1,4,0,1,1,391885,0,49,245,0,2
115,2025-02-23,Social Media,facebook,Desktop,7,18,0,1,0,0,0,16,160,0,0
116,2025-01-16,Paid Ads,email,Mobile,2,10,0,0,0,0,24066,24,264,0,0
117,2025-03-01,Email,facebook,Mobile,2,10,0,1,1,249373,0,37,1184,0,1
118,2025-02-05,Social Media,email,Mobile,7,16,0,1,1,415547,0,9,45,1,5
119,2025-02-18,Social Media,direct,Desktop,6,1,0,0,0,0,0,7,133,0,0
120,2025-01-05,Email,tiktok,Mobile,1,8,0,0,0,0,0,45,720,0,0
121,2025-02-13,Paid Ads,tiktok,Desktop,2,11,0,0,0,0,41558,25,825,0,0
122,2025-01-09,Paid Ads,email,Desktop,3,5,0,0,0,0,70147,47,329,0,0
123,2025-01-27,Referral,tiktok,Tablet,4,9,0,0,0,0,0,19,247,0,0
124,2025-02-28,Referral,direct,Mobile,3,15,0,1,1,487458,0,26,468,0,1
125,2025-02-24,Paid Ads,facebook,Mobile,2,14,0,1,1,325788,15138,36,1224,0,1
126,2025-02-13,Email,email,Mobile,5,4,0,0,0,0,0,21,483,0,0
127,2025-02-17,Paid Ads,facebook,Desktop,2,6,0,0,0,0,68696,1,10,0,0
128,2025-01-24,Paid Ads,facebook,Desktop,3,1,0,0,0,0,16755,20,520,0,0
129,2025-01-14,Paid Ads,email,Mobile,5,17,0,1,0,0,27681,15,375,0,0
130,2025-02-20,Paid Ads,email,Mobile,7,15,0,1,1,491079,29590,48,528,1,1
131,2025-02-09,Organic Search,tiktok,Desktop,4,18,0,0,0,0,0,9,216,0,0
132,2025-01-04,Referral,google,Mobile,3,12,0,1,1,356772,0,18,288,1,4
133,2025-01-30,Organic Search,google,Mobile,6,15,0,0,0,0,0,7,273,0,0
134,2025-01-13,Paid Ads,tiktok,Mobile,3,8,0,1,1,427276,70246,32,1024,1,1
135,2025-01-13,Paid Ads,facebook,Mobile,4,18,0,1,0,0,55532,27,1026,0,0
136,2025-01-16,Paid Ads,google,Mobile,2,12,0,1,1,113028,70683,29,899,0,2
137,2025-01-30,Paid Ads,google,Desktop,7,11,0,0,0,0,45179,4,108,0,0
138,2025-01-09,Organic Search,instagram,Desktop,4,17,0,1,0,0,0,21,273,0,0
139,2025-02-24,Organic Search,direct,Desktop,2,5,0,1,0,0,0,32,512,0,0
140,2025-02-08,Paid Ads,facebook,Desktop,5,8,0,0,0,0,61207,33,495,0,0
141,2025-02-23,Organic Search,instagram,Mobile,1,2,0,0,0,0,0,18,216,0,0
142,2025-01-07,Paid Ads,google,Mobile,6,12,0,0,0,0,52539,20,660,0,0
143,2025-01-22,Social Media,google,Mobile,1,2,0,1,0,0,0,4,116,0,0
144,2025-02-14,Organic Search,tiktok,Desktop,6,13,0,0,0,0,0,20,320,0,0
145,2025-01-28,Paid Ads,instagram,Desktop,2,5,0,1,1,356262,70291,4,72,0,2
146,2025-01-08,Organic Search,direct,Mobile,4,17,0,0,0,0,0,47,1551,0,0
147,2025-01-18,Paid Ads,email,Mobile,7,5,0,1,0,0,42335,24,864,0,0
148,2025-02-12,Paid Ads,instagram,Desktop,1,10,0,1,1,311787,30071,9,144,1,3
149,2025-02-17,Paid Ads,instagram,Desktop,5,18,0,1,0,0,26898,33,297,0,0
150,2025-01-06,Email,instagram,Desktop,6,6,0,0,0,0,0,23,529,0,0
151,2025-02-06,Paid Ads,direct,Desktop,4,13,0,0,0,0,75742,38,304,0,0
152,2025-02-22,Referral,google,Mobile,3,18,0,0,0,0,0,17,578,0,0
153,2025-02-11,Organic Search,email,Desktop,2,2,0,0,0,0,0,21,651,0,0
154,2025-02-11,Paid Ads,tiktok,Mobile,5,13,0,0,0,0,67031,14,378,0,0
155,2025-01-30,Social Media,google,Desktop,1,13,0,1,0,0,0,21,399,0,0
156,2025-01-27,Social Media,tiktok,Mobile,6,17,0,0,0,0,0,29,1131,0,0
157,2025-01-01,Email,email,Mobile,7,4,0,0,0,0,0,7,119,0,0
158,2025-01-23,Paid Ads,facebook,Mobile,3,13,0,0,0,0,28847,17,170,0,0
159,2025-02-04,Email,tiktok,Desktop,5,17,0,0,0,0,0,17,357,0,0
160,2025-01-13,Email,instagram,Mobile,4,5,0,0,0,0,0,12,60,0,0
161,2025-01-07,Organic Search,facebook,Mobile,5,10,0,0,0,0,0,13,403,0,0
162,2025-02-10,Organic Search,email,Mobile,7,11,0,0,0,0,0,13,130,0,0
163,2025-02-04,Social Media,google,Desktop,3,9,0,0,0,0,0,22,418,0,0
164,2025-03-01,Paid Ads,instagram,Mobile,4,19,0,0,0,0,48509,22,726,0,0
165,2025-02-12,Email,email,Mobile,4,1,1,0,0,0,0,10,270,0,0
166,2025-02-16,Social Media,instagram,Mobile,6,8,0,1,1,405831,0,46,1012,0,1
167,2025-02-22,Email,direct,Desktop,1,2,0,0,0,0,0,41,1394,0,0
168,2025-02-19,Organic Search,facebook,Mobile,4,16,0,0,0,0,0,21,567,0,0
169,2025-01-30,Organic Search,email,Mobile,6,16,0,0,0,0,0,6,210,0,0
170,2025-02-08,Paid Ads,tiktok,Mobile,3,14,0,1,0,0,37366,16,400,0,0
171,2025-02-12,Organic Search,email,Mobile,3,6,0,0,0,0,0,2,16,0,0
172,2025-01-18,Social Media,google,Mobile,3,12,0,1,0,0,0,1,37,0,0
173,2025-01-06,Referral,facebook,Mobile,4,7,0,1,0,0,0,10,290,0,0
174,2025-01-16,Paid Ads,google,Mobile,2,8,0,0,0,0,14880,34,340,0,0
175,2025-02-19,Paid Ads,email,Mobile,3,9,0,1,0,0,70524,8,168,0,0
176,2025-02-24,Paid Ads,google,Mobile,6,18,0,0,0,0,72841,31,868,0,0
177,2025-01-13,Organic Search,direct,Mobile,5,16,0,1,0,0,0,44,1496,0,0
178,2025-02-11,Email,instagram,Mobile,6,13,0,0,0,0,0,37,259,0,0
179,2025-02-10,Paid Ads,instagram,Mobile,3,1,0,1,0,0,67424,45,225,0,0
180,2025-01-29,Organic Search,direct,Mobile,4,8,0,0,0,0,0,29,464,0,0
181,2025-02-24,Organic Search,google,Mobile,4,13,0,1,0,0,0,25,950,0,0
182,2025-02-17,Email,instagram,Mobile,4,2,0,0,0,0,0,14,224,0,0
183,2025-02-07,Paid Ads,direct,Desktop,4,14,0,0,0,0,22062,20,220,0,0
184,2025-01-10,Paid Ads,facebook,Desktop,5,17,0,1,1,480678,38030,34,918,0,1
185,2025-01-24,Organic Search,tiktok,Mobile,3,13,0,1,1,80657,0,41,1435,0,3
186,2025-01-22,Organic Search,email,Mobile,2,17,0,1,1,283643,0,5,175,0,1
187,2025-01-05,Paid Ads,google,Desktop,1,17,0,0,0,0,25978,7,252,0,0
188,2025-01-28,Email,email,Desktop,1,16,0,1,1,405509,0,20,580,0,3
189,2025-01-13,Social Media,google,Mobile,7,13,0,0,0,0,0,14,266,0,0
190,2025-02-11,Paid Ads,instagram,Mobile,1,14,0,0,0,0,53319,40,1280,0,0
191,2025-01-12,Organic Search,direct,Mobile,5,18,0,1,0,0,0,10,90,0,0
192,2025-01-07,Email,tiktok,Mobile,5,18,0,0,0,0,0,11,407,0,0
193,2025-02-26,Referral,tiktok,Mobile,6,9,0,0,0,0,0,48,1872,0,0
194,2025-02-03,Paid Ads,tiktok,Desktop,4,14,0,1,0,0,37373,26,468,0,0
195,2025-01-22,Email,instagram,Mobile,2,6,0,1,1,129117,0,42,462,0,1
196,2025-01-22,Paid Ads,facebook,Desktop,2,9,0,1,1,364411,55414,24,816,0,1
197,2025-01-31,Social Media,tiktok,Mobile,7,5,0,0,0,0,0,1,8,0,0
198,2025-02-13,Social Media,facebook,Mobile,3,5,0,0,0,0,0,2,64,0,0
199,2025-01-29,Referral,direct,Mobile,1,19,0,1,0,0,0,19,380,0,0
200,2025-02-26,Social Media,instagram,Desktop,6,1,1,0,0,0,0,46,1150,0,0
201,2025-02-21,Paid Ads,instagram,Mobile,7,1,0,0,0,0,68181,42,1512,0,0
202,2025-02-25,Social Media,facebook,Mobile,1,3,0,1,1,226075,0,49,1421,0,5
203,2025-02-25,Paid Ads,facebook,Mobile,5,3,0,1,1,207258,55823,28,224,0,2
204,2025-02-27,Email,instagram,Mobile,6,14,0,0,0,0,0,16,464,0,0
205,2025-01-13,Paid Ads,direct,Mobile,6,16,0,0,0,0,28584,42,1596,0,0
206,2025-01-13,Organic Search,google,Mobile,6,7,0,1,0,0,0,36,1404,0,0
207,2025-02-15,Social Media,google,Tablet,3,1,0,0,0,0,0,13,494,0,0
208,2025-02-06,Paid Ads,email,Desktop,1,7,0,1,0,0,21237,31,620,0,0
209,2025-01-08,Social Media,tiktok,Mobile,3,11,0,1,0,0,0,7,63,0,0
210,2025-01-22,Social Media,facebook,Desktop,3,16,0,0,0,0,0,38,1482,0,0
211,2025-02-28,Social Media,tiktok,Mobile,2,17,0,1,1,386325,0,40,1520,0,1
212,2025-02-11,Email,tiktok,Mobile,1,5,0,1,1,211180,0,36,576,0,5
213,2025-02-08,Organic Search,google,Desktop,1,8,0,0,0,0,0,22,374,0,0
214,2025-01-16,Paid Ads,facebook,Mobile,5,16,0,1,1,135219,77041,8,296,0,5
215,2025-02-13,Paid Ads,direct,Mobile,2,1,1,0,0,0,65839,5,30,0,0
216,2025-03-01,Organic Search,facebook,Desktop,1,12,0,0,0,0,0,38,1406,0,0
217,2025-01-19,Paid Ads,email,Desktop,2,17,0,0,0,0,34718,48,816,0,0
218,2025-01-29,Social Media,google,Tablet,7,7,0,0,0,0,0,39,780,0,0
219,2025-01-17,Paid Ads,google,Mobile,2,3,0,1,1,147608,18115,13,130,0,2
220,2025-01-06,Paid Ads,instagram,Mobile,4,3,0,0,0,0,12699,11,264,0,0
221,2025-02-05,Referral,tiktok,Mobile,7,14,0,1,0,0,0,36,576,0,0
222,2025-01-14,Email,tiktok,Mobile,5,5,0,0,0,0,0,32,896,0,0
223,2025-02-02,Paid Ads,direct,Mobile,3,5,0,0,0,0,72856,41,656,0,0
224,2025-02-23,Organic Search,instagram,Desktop,5,9,0,0,0,0,0,28,1036,0,0
225,2025-01-24,Email,facebook,Mobile,3,9,0,1,1,264003,0,46,1748,0,5
226,2025-02-01,Social Media,facebook,Mobile,3,14,0,0,0,0,0,32,224,0,0
227,2025-02-03,Paid Ads,instagram,Mobile,7,16,0,1,1,45228,67548,6,204,0,1
228,2025-02-15,Organic Search,facebook,Mobile,1,2,0,1,0,0,0,10,370,0,0
229,2025-02-10,Email,instagram,Desktop,2,19,0,0,0,0,0,18,684,0,0
230,2025-02-22,Paid Ads,facebook,Tablet,2,6,0,1,1,340327,67692,24,312,0,5
231,2025-01-28,Referral,instagram,Mobile,2,13,0,0,0,0,0,42,966,0,0
232,2025-01-15,Social Media,tiktok,Mobile,1,1,0,1,0,0,0,40,720,0,0
233,2025-02-15,Paid Ads,instagram,Mobile,1,5,0,0,0,0,69753,4,20,0,0
234,2025-02-11,Email,tiktok,Tablet,7,4,0,0,0,0,0,35,805,0,0
235,2025-02-12,Paid Ads,instagram,Desktop,7,7,0,0,0,0,35508,37,296,0,0
236,2025-02-02,Organic Search,direct,Tablet,4,16,0,1,0,0,0,47,470,0,0
237,2025-02-04,Social Media,tiktok,Mobile,5,3,0,0,0,0,0,35,385,0,0
238,2025-02-01,Paid Ads,email,Mobile,5,19,0,0,0,0,57270,8,312,0,0
239,2025-02-18,Email,google,Mobile,3,8,0,1,0,0,0,32,1248,0,0
240,2025-02-25,Social Media,tiktok,Mobile,6,13,0,0,0,0,0,28,644,0,0
241,2025-02-08,Paid Ads,instagram,Tablet,2,12,0,0,0,0,27568,6,72,0,0
242,2025-01-19,Paid Ads,google,Mobile,7,13,0,1,0,0,28360,21,147,0,0
243,2025-01-10,Paid Ads,direct,Mobile,7,19,0,0,0,0,20965,37,703,0,0
244,2025-01-10,Social Media,direct,Mobile,2,19,0,1,1,400586,0,19,665,0,4
245,2025-01-14,Paid Ads,google,Desktop,3,19,0,0,0,0,65558,23,736,0,0
246,2025-01-22,Organic Search,instagram,Mobile,6,5,0,1,1,90736,0,9,81,1,1
247,2025-02-13,Email,facebook,Desktop,3,11,0,0,0,0,0,2,30,0,0
248,2025-01-02,Email,email,Mobile,5,6,0,0,0,0,0,44,1628,0,0
249,2025-02-01,Paid Ads,instagram,Desktop,7,12,0,0,0,0,23785,7,84,0,0
250,2025-01-15,Organic Search,email,Desktop,7,3,0,1,0,0,0,20,280,0,0
251,2025-01-17,Organic Search,tiktok,Desktop,3,8,0,0,0,0,0,12,432,0,0
252,2025-02-18,Organic Search,google,Mobile,7,19,0,0,0,0,0,18,90,0,0
253,2025-01-26,Organic Search,email,Mobile,3,17,0,1,0,0,0,4,132,0,0
254,2025-02-19,Organic Search,instagram,Desktop,7,17,0,0,0,0,0,9,153,0,0
255,2025-02-16,Email,tiktok,Mobile,3,15,0,0,0,0,0,4,84,0,0
256,2025-02-03,Organic Search,tiktok,Mobile,6,2,0,0,0,0,0,5,120,0,0
257,2025-01-22,Organic Search,email,Desktop,7,8,0,0,0,0,0,34,884,0,0
258,2025-01-20,Organic Search,instagram,Desktop,3,1,1,0,0,0,0,41,656,0,0
259,2025-01-19,Paid Ads,email,Desktop,2,11,0,1,1,87474,41547,31,930,1,2
260,2025-01-01,Social Media,instagram,Mobile,1,15,0,0,0,0,0,32,704,0,0
261,2025-01-14,Organic Search,tiktok,Desktop,5,10,0,0,0,0,0,14,238,0,0
262,2025-02-28,Referral,google,Tablet,4,7,0,0,0,0,0,38,646,0,0
263,2025-01-11,Email,email,Mobile,3,5,0,0,0,0,0,41,205,0,0
264,2025-02-22,Paid Ads,google,Mobile,1,15,0,0,0,0,67553,41,1148,0,0
265,2025-02-28,Paid Ads,tiktok,Mobile,7,19,0,0,0,0,24957,11,396,0,0
266,2025-01-28,Email,facebook,Desktop,5,17,0,1,0,0,0,28,392,0,0
267,2025-01-29,Social Media,facebook,Mobile,6,10,0,0,0,0,0,40,760,0,0
268,2025-01-09,Paid Ads,direct,Mobile,5,19,0,0,0,0,52583,46,1058,0,0
269,2025-02-25,Social Media,instagram,Tablet,7,6,0,1,1,399061,0,48,1248,0,2
270,2025-02-03,Organic Search,instagram,Mobile,2,4,0,0,0,0,0,16,432,0,0
271,2025-02-06,Email,facebook,Mobile,5,6,0,0,0,0,0,23,621,0,0
272,2025-01-26,Social Media,instagram,Mobile,3,7,0,0,0,0,0,37,592,0,0
273,2025-02-14,Referral,direct,Mobile,6,17,0,0,0,0,0,36,936,0,0
274,2025-02-21,Social Media,tiktok,Mobile,4,13,0,1,0,0,0,20,700,0,0
275,2025-02-24,Referral,direct,Mobile,3,17,0,0,0,0,0,28,1008,0,0
276,2025-02-12,Paid Ads,email,Desktop,3,11,0,1,0,0,23813,34,646,0,0
277,2025-01-29,Organic Search,instagram,Desktop,7,16,0,1,0,0,0,27,486,0,0
278,2025-01-08,Paid Ads,google,Tablet,3,13,0,0,0,0,58674,19,665,0,0
279,2025-02-19,Email,google,Tablet,5,4,0,0,0,0,0,39,702,0,0
280,2025-01-16,Paid Ads,email,Mobile,3,2,0,1,1,451479,73688,5,170,0,2
281,2025-01-01,Social Media,email,Mobile,4,2,0,0,0,0,0,25,900,0,0
282,2025-01-19,Organic Search,instagram,Desktop,2,12,0,0,0,0,0,14,392,0,0
283,2025-02-09,Email,google,Mobile,4,6,0,0,0,0,0,19,741,0,0
284,2025-02-14,Organic Search,facebook,Desktop,2,18,0,0,0,0,0,34,340,0,0
285,2025-02-18,Paid Ads,tiktok,Mobile,6,7,0,0,0,0,65635,14,196,0,0
286,2025-01-01,Organic Search,tiktok,Mobile,4,4,0,1,1,86934,0,14,378,0,5
287,2025-02-14,Paid Ads,google,Mobile,4,9,0,0,0,0,48480,6,30,0,0
288,2025-01-10,Organic Search,google,Mobile,6,17,0,1,0,0,0,15,450,0,0
289,2025-02-16,Social Media,tiktok,Mobile,5,1,1,1,0,0,0,43,1204,0,0
290,2025-02-26,Paid Ads,instagram,Mobile,5,6,0,0,0,0,53136,22,704,0,0
291,2025-02-04,Referral,tiktok,Tablet,2,9,0,0,0,0,0,2,70,0,0
292,2025-02-18,Organic Search,direct,Desktop,7,5,0,1,0,0,0,28,588,0,0
293,2025-02-13,Organic Search,direct,Desktop,2,14,0,1,1,453139,0,31,310,0,3
294,2025-01-06,Email,instagram,Desktop,4,2,0,0,0,0,0,15,540,0,0
295,2025-01-22,Paid Ads,instagram,Desktop,2,7,0,0,0,0,76831,13,338,0,0
296,2025-01-17,Organic Search,google,Desktop,3,16,0,0,0,0,0,19,646,0,0
297,2025-02-11,Referral,facebook,Desktop,7,8,0,0,0,0,0,6,216,0,0
298,2025-01-12,Paid Ads,email,Mobile,3,1,0,0,0,0,55407,4,40,0,0
299,2025-02-12,Social Media,instagram,Mobile,5,3,0,0,0,0,0,11,209,0,0
300,2025-02-02,Paid Ads,google,Mobile,5,14,0,1,1,436533,23105,6,162,0,1
301,2025-02-10,Organic Search,instagram,Mobile,2,1,1,1,1,408297,0,38,1444,1,3
302,2025-02-06,Social Media,direct,Desktop,5,19,0,0,0,0,0,39,1014,0,0
303,2025-01-06,Paid Ads,direct,Desktop,6,7,0,0,0,0,61035,47,1081,0,0
304,2025-01-29,Organic Search,direct,Desktop,7,7,0,1,1,293501,0,47,987,1,2
305,2025-02-13,Social Media,tiktok,Mobile,7,9,0,0,0,0,0,28,168,0,0
306,2025-01-30,Social Media,email,Mobile,2,14,0,0,0,0,0,23,851,0,0
307,2025-02-19,Paid Ads,google,Desktop,4,12,0,0,0,0,77073,10,100,0,0
308,2025-02-16,Organic Search,google,Desktop,1,14,0,1,1,358016,0,9,315,1,1
309,2025-02-12,Referral,direct,Mobile,7,5,0,1,0,0,0,39,780,0,0
310,2025-02-22,Organic Search,email,Mobile,7,10,0,0,0,0,0,32,960,0,0
311,2025-02-18,Email,instagram,Mobile,4,10,0,0,0,0,0,40,880,0,0
312,2025-02-01,Paid Ads,tiktok,Mobile,1,6,0,1,0,0,67934,41,1353,0,0
313,2025-01-08,Organic Search,tiktok,Desktop,1,9,0,0,0,0,0,10,170,0,0
314,2025-01-29,Organic Search,direct,Mobile,6,10,0,1,0,0,0,1,12,0,0
315,2025-02-17,Social Media,google,Mobile,5,5,0,0,0,0,0,36,828,0,0
316,2025-02-28,Social Media,direct,Desktop,3,1,0,0,0,0,0,28,840,0,0
317,2025-02-20,Email,email,Mobile,2,11,0,1,1,425436,0,7,161,0,1
318,2025-02-18,Social Media,email,Mobile,5,14,0,1,1,413516,0,49,1176,0,1
319,2025-01-15,Email,tiktok,Mobile,4,10,0,0,0,0,0,32,512,0,0
320,2025-02-17,Email,direct,Mobile,6,9,0,0,0,0,0,9,99,0,0
321,2025-01-14,Organic Search,email,Mobile,7,10,0,1,0,0,0,43,645,0,0
322,2025-01-20,Email,facebook,Mobile,3,10,0,0,0,0,0,16,160,0,0
323,2025-02-11,Organic Search,tiktok,Mobile,7,1,1,0,0,0,0,37,296,0,0
324,2025-01-14,Paid Ads,facebook,Mobile,3,11,0,0,0,0,45942,43,1290,0,0
325,2025-01-25,Paid Ads,google,Mobile,7,18,0,1,0,0,57091,26,390,0,0
326,2025-01-04,Email,email,Mobile,2,13,0,0,0,0,0,8,280,0,0
327,2025-01-08,Social Media,direct,Tablet,3,10,0,1,1,462501,0,24,648,1,2
328,2025-02-19,Paid Ads,tiktok,Desktop,3,11,0,0,0,0,33286,4,148,0,0
329,2025-02-12,Social Media,email,Desktop,6,14,0,0,0,0,0,25,550,0,0
330,2025-02-02,Paid Ads,facebook,Desktop,1,7,0,1,0,0,72333,35,665,0,0
331,2025-02-03,Organic Search,facebook,Mobile,6,8,0,0,0,0,0,43,344,0,0
332,2025-01-12,Social Media,direct,Mobile,1,6,0,1,1,87198,0,40,920,1,1
333,2025-01-28,Social Media,instagram,Tablet,5,10,0,0,0,0,0,9,243,0,0
334,2025-01-05,Paid Ads,facebook,Mobile,5,14,0,0,0,0,50277,25,800,0,0
335,2025-02-08,Paid Ads,google,Desktop,4,5,0,1,1,470886,59580,22,572,1,5
336,2025-02-01,Social Media,tiktok,Desktop,3,10,0,1,0,0,0,49,1617,0,0
337,2025-03-01,Email,instagram,Mobile,7,10,0,1,0,0,0,32,736,0,0
338,2025-02-19,Email,email,Mobile,5,19,0,0,0,0,0,3,48,0,0
339,2025-01-31,Organic Search,facebook,Mobile,4,10,0,0,0,0,0,40,920,0,0
340,2025-01-15,Social Media,facebook,Mobile,3,11,0,1,1,244839,0,27,675,0,1
341,2025-02-14,Social Media,google,Mobile,7,3,0,0,0,0,0,1,14,0,0
342,2025-02-13,Email,tiktok,Mobile,1,13,0,0,0,0,0,17,561,0,0
343,2025-01-13,Organic Search,facebook,Mobile,7,7,0,0,0,0,0,30,570,0,0
344,2025-01-17,Email,tiktok,Desktop,1,12,0,0,0,0,0,17,204,0,0
345,2025-02-19,Organic Search,tiktok,Mobile,4,13,0,0,0,0,0,42,630,0,0
346,2025-02-28,Paid Ads,email,Desktop,1,15,0,0,0,0,32562,45,1035,0,0
347,2025-01-27,Paid Ads,tiktok,Mobile,1,12,0,1,1,133694,21851,13,130,0,2
348,2025-02-02,Social Media,direct,Mobile,1,12,0,1,0,0,0,30,150,0,0
349,2025-02-13,Email,direct,Mobile,4,11,0,0,0,0,0,42,966,0,0
350,2025-02-03,Organic Search,instagram,Mobile,6,7,0,1,0,0,0,20,340,0,0
351,2025-01-09,Social Media,instagram,Desktop,1,19,0,0,0,0,0,30,240,0,0
352,2025-02-22,Paid Ads,google,Mobile,2,14,0,0,0,0,46791,39,1287,0,0
353,2025-01-31,Organic Search,facebook,Mobile,6,8,0,1,0,0,0,7,91,0,0
354,2025-02-03,Organic Search,direct,Desktop,5,6,0,0,0,0,0,25,500,0,0
355,2025-01-16,Organic Search,direct,Mobile,1,19,0,0,0,0,0,15,495,0,0
356,2025-01-23,Paid Ads,instagram,Desktop,7,16,0,0,0,0,27534,9,333,0,0
357,2025-02-26,Social Media,facebook,Mobile,6,7,0,0,0,0,0,4,32,0,0
358,2025-02-23,Social Media,direct,Mobile,2,16,0,0,0,0,0,39,624,0,0
359,2025-02-04,Social Media,facebook,Desktop,4,10,0,0,0,0,0,35,280,0,0
360,2025-01-13,Social Media,facebook,Desktop,6,12,0,1,0,0,0,2,54,0,0
361,2025-01-05,Organic Search,facebook,Mobile,7,8,0,0,0,0,0,27,891,0,0
362,2025-02-14,Email,google,Mobile,5,15,0,1,1,393326,0,49,1568,1,5
363,2025-02-25,Social Media,facebook,Mobile,2,8,0,1,0,0,0,41,1353,0,0
364,2025-01-21,Email,google,Desktop,5,13,0,1,0,0,0,3,87,0,0
365,2025-02-13,Organic Search,direct,Mobile,4,17,0,0,0,0,0,10,250,0,0
366,2025-02-19,Social Media,facebook,Mobile,6,6,0,0,0,0,0,30,390,0,0
367,2025-01-19,Paid Ads,tiktok,Tablet,6,3,0,0,0,0,54524,10,190,0,0
368,2025-02-26,Paid Ads,facebook,Mobile,7,3,0,1,0,0,76201,19,703,0,0
369,2025-01-22,Referral,direct,Desktop,1,12,0,0,0,0,0,7,238,0,0
370,2025-02-20,Organic Search,google,Mobile,1,4,0,1,1,357867,0,7,273,0,1
371,2025-02-27,Paid Ads,facebook,Mobile,5,9,0,0,0,0,33562,31,1178,0,0
372,2025-01-23,Social Media,facebook,Mobile,6,16,0,0,0,0,0,17,374,0,0
373,2025-01-19,Referral,google,Mobile,6,10,0,0,0,0,0,24,648,0,0
374,2025-01-06,Email,facebook,Mobile,4,7,0,1,0,0,0,16,416,0,0
375,2025-02-09,Referral,direct,Desktop,7,7,0,1,0,0,0,34,1326,0,0
376,2025-02-25,Referral,tiktok,Desktop,3,7,0,1,0,0,0,37,1443,0,0
377,2025-01-06,Organic Search,instagram,Desktop,1,17,0,0,0,0,0,19,570,0,0
378,2025-01-06,Paid Ads,instagram,Tablet,6,5,0,0,0,0,48732,24,168,0,0
379,2025-01-07,Paid Ads,email,Mobile,4,19,0,0,0,0,17638,25,850,0,0
380,2025-02-01,Paid Ads,facebook,Desktop,4,17,0,1,0,0,47905,37,1332,0,0
381,2025-01-30,Social Media,email,Desktop,6,13,0,0,0,0,0,9,180,0,0
382,2025-01-17,Referral,tiktok,Mobile,3,15,0,1,1,231464,0,1,19,1,1
383,2025-02-12,Paid Ads,email,Desktop,2,14,0,0,0,0,79398,17,238,0,0
384,2025-02-24,Email,direct,Mobile,6,14,0,0,0,0,0,6,192,0,0
385,2025-02-16,Email,facebook,Mobile,5,3,0,0,0,0,0,15,495,0,0
386,2025-01-05,Social Media,direct,Desktop,6,11,0,1,1,378849,0,7,175,1,1
387,2025-02-16,Paid Ads,instagram,Desktop,2,6,0,0,0,0,32774,17,629,0,0
388,2025-02-08,Paid Ads,email,Desktop,1,17,0,0,0,0,46443,47,1598,0,0
389,2025-01-14,Social Media,google,Mobile,4,16,0,1,1,365314,0,28,924,0,1
390,2025-01-03,Social Media,direct,Desktop,4,18,0,0,0,0,0,47,1739,0,0
391,2025-01-13,Organic Search,google,Mobile,6,7,0,0,0,0,0,36,1404,0,0
392,2025-02-24,Organic Search,email,Desktop,4,18,0,0,0,0,0,34,1122,0,0
393,2025-01-25,Paid Ads,google,Mobile,5,8,0,0,0,0,46459,39,897,0,0
394,2025-01-28,Referral,instagram,Desktop,1,13,0,0,0,0,0,21,147,0,0
395,2025-03-01,Email,tiktok,Mobile,4,6,0,1,1,136218,0,48,1728,0,4
396,2025-02-25,Referral,tiktok,Mobile,6,9,0,1,0,0,0,15,315,0,0
397,2025-01-17,Email,facebook,Desktop,5,14,0,0,0,0,0,9,333,0,0
398,2025-02-16,Organic Search,facebook,Mobile,2,9,0,1,0,0,0,19,323,0,0
399,2025-01-06,Email,direct,Desktop,7,4,0,1,1,316227,0,48,1728,0,1
400,2025-02-10,Paid Ads,direct,Mobile,7,12,0,1,0,0,55549,16,96,0,0
401,2025-01-30,Social Media,email,Mobile,5,5,0,1,1,434469,0,10,270,0,5
402,2025-01-10,Paid Ads,direct,Mobile,1,18,0,0,0,0,57146,17,663,0,0
403,2025-02-14,Organic Search,direct,Mobile,4,19,0,1,0,0,0,15,270,0,0
404,2025-02-25,Email,facebook,Mobile,1,6,0,0,0,0,0,10,190,0,0
405,2025-02-09,Organic Search,direct,Desktop,2,4,0,0,0,0,0,48,240,0,0
406,2025-01-15,Email,facebook,Mobile,2,17,0,0,0,0,0,25,850,0,0
407,2025-01-07,Social Media,direct,Desktop,1,2,0,1,0,0,0,38,1102,0,0
408,2025-01-03,Paid Ads,instagram,Desktop,3,12,0,0,0,0,74103,30,960,0,0
409,2025-02-07,Paid Ads,direct,Desktop,1,14,0,1,1,88567,11662,37,407,1,1
410,2025-01-23,Paid Ads,direct,Desktop,5,11,0,0,0,0,14627,19,437,0,0
411,2025-02-19,Social Media,facebook,Mobile,3,2,0,1,0,0,0,12,108,0,0
412,2025-02-16,Email,email,Desktop,6,3,0,0,0,0,0,37,333,0,0
413,2025-01-10,Paid Ads,facebook,Mobile,3,1,1,1,1,94173,24457,6,120,0,3
414,2025-02-05,Organic Search,facebook,Desktop,5,15,0,0,0,0,0,42,966,0,0
415,2025-01-16,Referral,google,Mobile,3,11,0,0,0,0,0,23,207,0,0
416,2025-01-21,Organic Search,tiktok,Mobile,4,15,0,0,0,0,0,2,78,0,0
417,2025-02-02,Referral,facebook,Mobile,5,16,0,0,0,0,0,33,627,0,0
418,2025-02-05,Email,email,Desktop,2,5,0,0,0,0,0,17,153,0,0
419,2025-01-22,Organic Search,instagram,Mobile,1,16,0,1,0,0,0,23,483,0,0
420,2025-01-07,Social Media,direct,Mobile,4,13,0,1,0,0,0,48,1296,0,0
421,2025-01-21,Paid Ads,tiktok,Mobile,2,9,0,1,1,373220,46756,14,448,1,3
422,2025-01-01,Organic Search,tiktok,Mobile,3,6,0,0,0,0,0,21,609,0,0
423,2025-01-21,Email,instagram,Mobile,4,7,0,1,0,0,0,27,351,0,0
424,2025-02-03,Paid Ads,tiktok,Desktop,4,4,0,1,0,0,47295,49,1715,0,0
425,2025-01-22,Paid Ads,google,Mobile,5,12,0,0,0,0,46357,6,210,0,0
426,2025-01-03,Paid Ads,instagram,Mobile,7,15,0,1,1,93909,77032,38,1254,0,1
427,2025-01-12,Paid Ads,instagram,Mobile,6,7,0,0,0,0,75479,40,1400,0,0
428,2025-02-17,Paid Ads,direct,Mobile,2,18,0,1,1,108640,60870,22,792,1,5
429,2025-01-12,Email,instagram,Desktop,2,10,0,1,0,0,0,4,108,0,0
430,2025-02-06,Organic Search,instagram,Mobile,4,15,0,1,1,442588,0,10,60,0,1
431,2025-01-09,Organic Search,email,Desktop,7,8,0,1,0,0,0,27,378,0,0
432,2025-02-15,Organic Search,direct,Mobile,2,9,0,1,1,240227,0,13,182,1,1
433,2025-02-13,Paid Ads,tiktok,Mobile,2,5,0,1,1,115307,50497,43,1634,0,1
434,2025-01-08,Social Media,direct,Mobile,4,12,0,0,0,0,0,18,198,0,0
435,2025-02-23,Social Media,google,Mobile,4,10,0,1,1,477267,0,10,100,0,1
436,2025-01-08,Paid Ads,email,Mobile,4,15,0,0,0,0,75371,16,96,0,0
437,2025-01-22,Organic Search,email,Mobile,5,19,0,0,0,0,0,44,352,0,0
438,2025-01-20,Social Media,direct,Mobile,5,12,0,0,0,0,0,5,25,0,0
439,2025-02-09,Referral,direct,Desktop,6,8,0,1,1,103758,0,10,320,0,1
440,2025-01-23,Paid Ads,direct,Mobile,2,8,0,0,0,0,67311,31,744,0,0
441,2025-02-15,Organic Search,instagram,Mobile,5,11,0,0,0,0,0,31,868,0,0
442,2025-02-20,Social Media,instagram,Mobile,7,12,0,1,1,152707,0,20,640,1,2
443,2025-02-05,Paid Ads,tiktok,Mobile,5,5,0,0,0,0,13762,28,672,0,0
444,2025-01-18,Social Media,facebook,Desktop,4,13,0,0,0,0,0,36,756,0,0
445,2025-02-03,Referral,email,Desktop,6,10,0,1,1,239091,0,5,115,1,1
446,2025-01-09,Paid Ads,google,Desktop,3,8,0,1,0,0,5126,3,111,0,0
447,2025-02-22,Organic Search,email,Tablet,5,9,0,0,0,0,0,9,45,0,0
448,2025-01-16,Paid Ads,instagram,Mobile,7,7,0,0,0,0,65386,22,440,0,0
449,2025-01-11,Organic Search,direct,Desktop,5,8,0,1,0,0,0,49,1911,0,0
450,2025-01-19,Referral,instagram,Mobile,3,5,0,0,0,0,0,14,350,0,0
451,2025-01-28,Organic Search,facebook,Desktop,4,7,0,1,1,314546,0,11,297,0,5
452,2025-03-01,Paid Ads,google,Desktop,7,12,0,1,1,272472,76439,44,572,1,1
453,2025-01-18,Organic Search,email,Mobile,4,19,0,0,0,0,0,44,1364,0,0
454,2025-01-27,Social Media,email,Tablet,4,1,1,1,0,0,0,17,408,0,0
455,2025-02-09,Email,facebook,Mobile,1,12,0,0,0,0,0,27,756,0,0
456,2025-01-01,Organic Search,instagram,Mobile,7,13,0,0,0,0,0,6,150,0,0
457,2025-01-09,Organic Search,tiktok,Mobile,1,19,0,0,0,0,0,11,165,0,0
458,2025-01-14,Email,google,Desktop,5,10,0,0,0,0,0,22,660,0,0
459,2025-01-25,Paid Ads,google,Mobile,5,14,0,0,0,0,30988,32,448,0,0
460,2025-01-13,Referral,facebook,Mobile,7,19,0,1,1,325949,0,4,152,1,1
461,2025-02-19,Organic Search,google,Mobile,6,2,0,1,0,0,0,36,900,0,0
462,2025-02-04,Organic Search,direct,Desktop,3,1,0,0,0,0,0,6,198,0,0
463,2025-01-04,Email,instagram,Mobile,2,5,0,1,0,0,0,37,1295,0,0
464,2025-02-02,Paid Ads,facebook,Desktop,7,9,0,0,0,0,53512,10,190,0,0
465,2025-01-27,Paid Ads,instagram,Mobile,3,16,0,0,0,0,41121,21,462,0,0
466,2025-01-18,Paid Ads,google,Mobile,6,6,0,0,0,0,73583,31,775,0,0
467,2025-01-12,Social Media,instagram,Mobile,2,15,0,1,0,0,0,18,450,0,0
468,2025-01-02,Paid Ads,facebook,Mobile,6,6,0,0,0,0,65272,19,627,0,0
469,2025-02-07,Organic Search,facebook,Desktop,4,18,0,1,0,0,0,3,63,0,0
470,2025-02-07,Paid Ads,instagram,Mobile,5,6,0,1,0,0,44050,10,310,0,0
471,2025-02-24,Organic Search,direct,Mobile,5,13,0,0,0,0,0,5,85,0,0
472,2025-02-18,Paid Ads,facebook,Mobile,4,11,0,0,0,0,45068,1,19,0,0
473,2025-01-10,Email,email,Mobile,2,1,1,0,0,0,0,17,629,0,0
474,2025-01-28,Referral,tiktok,Mobile,6,6,0,0,0,0,0,26,676,0,0
475,2025-01-20,Organic Search,facebook,Mobile,3,9,0,0,0,0,0,41,615,0,0
476,2025-02-13,Organic Search,email,Mobile,5,2,0,0,0,0,0,35,1085,0,0
477,2025-02-20,Social Media,google,Desktop,3,8,0,0,0,0,0,3,87,0,0
478,2025-01-21,Social Media,email,Mobile,4,11,0,1,0,0,0,7,77,0,0
479,2025-01-03,Paid Ads,google,Mobile,6,15,0,0,0,0,6672,40,1440,0,0
480,2025-02-17,Social Media,google,Mobile,1,1,0,1,0,0,0,19,266,0,0
481,2025-01-09,Email,instagram,Tablet,2,6,0,1,1,198811,0,24,648,1,2
482,2025-02-28,Email,instagram,Mobile,6,16,0,0,0,0,0,7,203,0,0
483,2025-01-21,Organic Search,google,Mobile,6,7,0,0,0,0,0,21,189,0,0
484,2025-02-27,Email,email,Mobile,4,16,0,1,1,163392,0,6,210,0,1
485,2025-02-18,Organic Search,facebook,Mobile,3,6,0,1,0,0,0,18,666,0,0
486,2025-01-11,Paid Ads,tiktok,Mobile,5,13,0,1,1,33251,45207,9,333,1,2
487,2025-02-02,Paid Ads,facebook,Mobile,6,2,0,0,0,0,26799,35,910,0,0
488,2025-02-28,Social Media,instagram,Mobile,3,7,0,0,0,0,0,7,175,0,0
489,2025-02-15,Social Media,tiktok,Mobile,4,16,0,0,0,0,0,8,176,0,0
490,2025-01-03,Email,instagram,Mobile,7,13,0,0,0,0,0,38,1178,0,0
491,2025-01-23,Social Media,tiktok,Mobile,7,13,0,0,0,0,0,43,301,0,0
492,2025-01-04,Paid Ads,tiktok,Desktop,1,19,0,1,1,83267,65762,47,611,1,1
493,2025-02-11,Organic Search,direct,Mobile,1,7,0,1,0,0,0,26,494,0,0
494,2025-01-29,Email,email,Mobile,6,17,0,0,0,0,0,30,1050,0,0
495,2025-02-23,Organic Search,email,Desktop,5,11,0,0,0,0,0,27,918,0,0
496,2025-01-16,Paid Ads,direct,Desktop,7,4,0,0,0,0,6221,8,232,0,0
497,2025-02-22,Referral,email,Mobile,7,11,0,0,0,0,0,13,403,0,0
498,2025-02-15,Organic Search,google,Mobile,5,3,0,1,1,56739,0,10,110,0,1
499,2025-02-08,Organic Search,instagram,Mobile,4,8,0,0,0,0,0,14,84,0,0
500,2025-01-10,Organic Search,facebook,Mobile,6,5,0,0,0,0,0,39,1014,0,0
501,2025-02-11,Organic Search,facebook,Mobile,5,6,0,0,0,0,0,4,52,0,0
502,2025-02-11,Paid Ads,instagram,Tablet,1,1,0,0,0,0,43298,46,1334,0,0
503,2025-02-06,Social Media,email,Mobile,4,7,0,1,1,97021,0,9,117,0,2
504,2025-02-10,Email,facebook,Desktop,5,19,0,1,0,0,0,48,912,0,0
505,2025-01-13,Organic Search,email,Mobile,6,18,0,0,0,0,0,15,105,0,0
506,2025-02-04,Paid Ads,instagram,Tablet,2,16,0,0,0,0,72312,32,576,0,0
507,2025-02-06,Organic Search,google,Mobile,6,9,0,1,1,258525,0,19,665,0,3
508,2025-01-23,Organic Search,facebook,Mobile,6,1,1,0,0,0,0,49,539,0,0
509,2025-01-06,Organic Search,instagram,Mobile,1,17,0,0,0,0,0,33,429,0,0
510,2025-03-01,Paid Ads,direct,Mobile,2,11,0,1,0,0,50713,33,726,0,0
511,2025-01-16,Email,tiktok,Mobile,3,11,0,1,0,0,0,36,468,0,0
512,2025-01-04,Paid Ads,google,Desktop,3,15,0,1,0,0,73189,8,272,0,0
513,2025-02-07,Paid Ads,email,Desktop,4,15,0,0,0,0,39856,22,704,0,0
514,2025-02-20,Social Media,direct,Mobile,7,1,1,0,0,0,0,38,380,0,0
515,2025-01-23,Social Media,tiktok,Desktop,1,12,0,1,1,197582,0,39,390,0,5
516,2025-02-16,Paid Ads,direct,Mobile,6,4,0,1,1,423925,75832,36,252,1,1
517,2025-01-15,Paid Ads,instagram,Mobile,7,14,0,1,0,0,68869,25,775,0,0
518,2025-02-06,Social Media,direct,Tablet,4,14,0,0,0,0,0,43,860,0,0
519,2025-01-20,Referral,direct,Mobile,5,6,0,0,0,0,0,6,204,0,0
520,2025-02-20,Paid Ads,tiktok,Mobile,7,3,0,0,0,0,15073,4,44,0,0
521,2025-02-14,Organic Search,google,Mobile,1,5,0,0,0,0,0,41,1435,0,0
522,2025-02-07,Paid Ads,facebook,Mobile,6,10,0,0,0,0,38608,1,17,0,0
523,2025-02-27,Social Media,facebook,Tablet,6,2,0,0,0,0,0,33,726,0,0
524,2025-02-16,Organic Search,instagram,Desktop,6,1,0,0,0,0,0,17,102,0,0
525,2025-01-24,Organic Search,direct,Mobile,6,8,0,1,0,0,0,49,294,0,0
526,2025-01-06,Social Media,google,Desktop,5,7,0,1,0,0,0,23,621,0,0
527,2025-01-25,Organic Search,instagram,Mobile,3,17,0,1,1,38635,0,11,154,0,5
528,2025-01-12,Paid Ads,email,Mobile,2,16,0,1,0,0,53758,40,1080,0,0
529,2025-01-27,Organic Search,google,Mobile,4,19,0,1,0,0,0,21,273,0,0
530,2025-02-23,Referral,google,Mobile,6,5,0,0,0,0,0,10,340,0,0
531,2025-02-04,Email,direct,Desktop,1,18,0,1,0,0,0,44,1188,0,0
532,2025-01-17,Organic Search,instagram,Mobile,6,1,1,0,0,0,0,41,1025,0,0
533,2025-02-11,Social Media,facebook,Mobile,7,14,0,0,0,0,0,11,374,0,0
534,2025-01-20,Paid Ads,facebook,Desktop,4,3,0,0,0,0,19539,10,340,0,0
535,2025-02-04,Organic Search,instagram,Mobile,1,12,0,0,0,0,0,24,312,0,0
536,2025-02-20,Email,instagram,Desktop,1,5,0,1,0,0,0,29,551,0,0
537,2025-01-11,Paid Ads,facebook,Desktop,6,4,0,1,1,321745,39493,42,1134,1,2
538,2025-01-05,Referral,facebook,Desktop,5,9,0,1,1,168525,0,37,481,0,2
539,2025-01-04,Email,google,Desktop,2,9,0,1,1,144063,0,11,418,1,1
540,2025-01-05,Social Media,email,Mobile,4,2,0,0,0,0,0,31,341,0,0
541,2025-02-10,Organic Search,google,Mobile,2,19,0,0,0,0,0,9,180,0,0
542,2025-01-08,Paid Ads,direct,Desktop,4,11,0,0,0,0,74520,4,60,0,0
543,2025-02-12,Paid Ads,email,Mobile,1,16,0,1,1,140122,16806,9,189,1,5
544,2025-02-28,Social Media,direct,Tablet,6,3,0,1,1,357260,0,22,792,0,5
545,2025-02-18,Organic Search,instagram,Desktop,6,9,0,1,1,144307,0,41,1066,0,1
546,2025-01-03,Email,facebook,Desktop,2,17,0,1,0,0,0,2,46,0,0
547,2025-02-09,Paid Ads,facebook,Mobile,1,10,0,0,0,0,60062,6,42,0,0
548,2025-02-26,Email,tiktok,Mobile,4,3,0,0,0,0,0,11,165,0,0
549,2025-01-11,Email,email,Mobile,1,7,0,0,0,0,0,37,962,0,0
550,2025-01-09,Social Media,google,Mobile,7,4,0,0,0,0,0,48,912,0,0
551,2025-01-30,Paid Ads,instagram,Mobile,1,8,0,0,0,0,61349,16,512,0,0
552,2025-01-05,Paid Ads,email,Mobile,4,4,0,0,0,0,50079,49,1176,0,0
553,2025-01-01,Paid Ads,google,Desktop,4,3,0,0,0,0,66834,33,561,0,0
554,2025-02-22,Paid Ads,tiktok,Mobile,7,6,0,0,0,0,19467,20,760,0,0
555,2025-02-19,Social Media,google,Desktop,6,5,0,0,0,0,0,47,893,0,0
556,2025-01-24,Organic Search,facebook,Mobile,2,12,0,0,0,0,0,17,204,0,0
557,2025-01-21,Email,email,Mobile,1,4,0,0,0,0,0,8,232,0,0
558,2025-01-30,Paid Ads,tiktok,Desktop,5,12,0,1,1,389799,31586,26,780,1,1
559,2025-02-27,Organic Search,tiktok,Desktop,6,9,0,0,0,0,0,45,315,0,0
560,2025-02-01,Email,facebook,Mobile,5,19,0,0,0,0,0,15,330,0,0
561,2025-02-18,Referral,google,Desktop,7,16,0,0,0,0,0,41,861,0,0
562,2025-02-19,Paid Ads,tiktok,Mobile,3,14,0,0,0,0,31504,13,104,0,0
563,2025-02-18,Email,google,Mobile,3,16,0,1,0,0,0,39,1209,0,0
564,2025-02-12,Social Media,facebook,Tablet,1,13,0,1,1,255324,0,10,370,0,3
565,2025-01-23,Paid Ads,google,Desktop,3,2,0,1,0,0,25974,12,108,0,0
566,2025-01-31,Social Media,facebook,Desktop,2,19,0,0,0,0,0,35,245,0,0
567,2025-02-20,Paid Ads,facebook,Mobile,1,18,0,0,0,0,73720,22,814,0,0
568,2025-01-01,Organic Search,tiktok,Mobile,1,6,0,0,0,0,0,30,1140,0,0
569,2025-02-04,Referral,google,Mobile,7,19,0,0,0,0,0,23,690,0,0
570,2025-01-21,Social Media,email,Mobile,1,17,0,0,0,0,0,43,430,0,0
571,2025-01-16,Paid Ads,facebook,Desktop,6,14,0,0,0,0,8952,29,290,0,0
572,2025-01-21,Social Media,instagram,Mobile,2,13,0,0,0,0,0,7,252,0,0
573,2025-01-18,Paid Ads,google,Mobile,7,15,0,1,0,0,11341,18,378,0,0
574,2025-01-11,Email,facebook,Desktop,4,8,0,1,1,286825,0,8,128,0,4
575,2025-01-01,Social Media,instagram,Mobile,7,19,0,0,0,0,0,5,155,0,0
576,2025-01-01,Social Media,direct,Desktop,7,6,0,1,0,0,0,5,170,0,0
577,2025-02-04,Paid Ads,email,Mobile,3,4,0,1,1,115672,35229,13,312,1,1
578,2025-02-05,Paid Ads,facebook,Mobile,5,3,0,1,0,0,19668,19,551,0,0
579,2025-02-25,Organic Search,instagram,Mobile,6,7,0,1,0,0,0,6,144,0,0
580,2025-02-24,Organic Search,tiktok,Mobile,6,17,0,0,0,0,0,39,546,0,0
581,2025-01-29,Email,google,Mobile,1,6,0,1,0,0,0,26,988,0,0
582,2025-02-11,Paid Ads,tiktok,Desktop,7,11,0,0,0,0,28724,34,680,0,0
583,2025-02-05,Organic Search,email,Desktop,2,11,0,1,1,222470,0,48,1824,1,1
584,2025-01-22,Paid Ads,direct,Mobile,6,11,0,0,0,0,8833,19,209,0,0
585,2025-02-08,Organic Search,instagram,Mobile,2,11,0,1,0,0,0,17,595,0,0
586,2025-02-15,Referral,direct,Desktop,3,17,0,1,1,309472,0,29,667,1,5
587,2025-01-25,Paid Ads,tiktok,Mobile,1,4,0,1,1,332413,16955,47,1551,1,4
588,2025-01-23,Email,tiktok,Mobile,4,19,0,0,0,0,0,19,475,0,0
589,2025-01-24,Paid Ads,tiktok,Desktop,3,18,0,0,0,0,71431,16,352,0,0
590,2025-01-29,Email,facebook,Desktop,5,9,0,0,0,0,0,48,1344,0,0
591,2025-02-21,Organic Search,tiktok,Tablet,5,17,0,0,0,0,0,39,585,0,0
592,2025-01-12,Paid Ads,google,Desktop,7,19,0,1,1,447299,22357,49,1323,0,1
593,2025-02-26,Email,email,Mobile,3,2,0,1,1,85622,0,19,304,0,1
594,2025-01-12,Email,instagram,Mobile,1,7,0,0,0,0,0,17,578,0,0
595,2025-02-23,Paid Ads,email,Mobile,5,17,0,0,0,0,43419,44,308,0,0
596,2025-01-23,Paid Ads,direct,Mobile,4,18,0,1,1,274990,48078,14,168,0,3
597,2025-01-29,Paid Ads,google,Mobile,5,14,0,0,0,0,7066,43,1118,0,0
598,2025-02-06,Organic Search,instagram,Mobile,4,12,0,0,0,0,0,28,532,0,0
599,2025-01-03,Referral,direct,Mobile,4,2,0,1,0,0,0,33,726,0,0
600,2025-01-30,Email,facebook,Desktop,4,10,0,0,0,0,0,33,825,0,0
601,2025-02-09,Organic Search,google,Desktop,2,3,0,0,0,0,0,19,190,0,0
602,2025-02-11,Paid Ads,google,Desktop,2,16,0,0,0,0,8351,22,572,0,0
603,2025-02-24,Social Media,tiktok,Mobile,7,1,1,0,0,0,0,48,960,0,0
604,2025-02-12,Social Media,tiktok,Mobile,1,4,0,1,1,365082,0,5,30,1,1
605,2025-02-28,Paid Ads,email,Mobile,3,9,0,0,0,0,8539,10,260,0,0
606,2025-01-09,Social Media,direct,Mobile,4,12,0,0,0,0,0,33,1089,0,0
607,2025-02-08,Referral,direct,Desktop,6,18,0,1,1,488539,0,15,315,0,2
608,2025-01-27,Paid Ads,direct,Mobile,6,1,1,1,0,0,49705,15,435,0,0
609,2025-01-18,Organic Search,direct,Desktop,1,7,0,0,0,0,0,34,1190,0,0
610,2025-01-17,Email,instagram,Mobile,5,4,0,0,0,0,0,8,248,0,0
611,2025-01-08,Paid Ads,facebook,Mobile,7,7,0,0,0,0,48303,14,518,0,0
612,2025-02-24,Paid Ads,tiktok,Desktop,1,15,0,0,0,0,24773,12,252,0,0
613,2025-02-26,Paid Ads,direct,Mobile,1,19,0,1,0,0,12273,16,128,0,0
614,2025-02-23,Email,google,Mobile,2,18,0,0,0,0,0,17,255,0,0
615,2025-01-05,Paid Ads,direct,Desktop,3,4,0,0,0,0,42375,5,150,0,0
616,2025-02-16,Paid Ads,direct,Mobile,7,3,0,0,0,0,5430,3,15,0,0
617,2025-01-04,Social Media,email,Mobile,7,11,0,1,1,466311,0,49,1421,0,1
618,2025-02-18,Email,email,Mobile,7,4,0,0,0,0,0,13,351,0,0
619,2025-01-24,Email,facebook,Mobile,6,13,0,0,0,0,0,23,437,0,0
620,2025-02-16,Organic Search,facebook,Mobile,7,4,0,0,0,0,0,10,260,0,0
621,2025-01-29,Referral,google,Mobile,2,11,0,0,0,0,0,3,69,0,0
622,2025-02-14,Paid Ads,email,Desktop,4,13,0,0,0,0,37452,18,306,0,0
623,2025-02-06,Organic Search,email,Mobile,2,8,0,0,0,0,0,7,189,0,0
624,2025-02-01,Organic Search,google,Mobile,2,14,0,1,1,245420,0,35,1330,0,2
625,2025-02-18,Organic Search,instagram,Desktop,3,14,0,1,0,0,0,27,621,0,0
626,2025-02-10,Paid Ads,tiktok,Desktop,7,16,0,1,0,0,78124,27,972,0,0
627,2025-02-28,Paid Ads,email,Desktop,3,16,0,1,0,0,12497,11,297,0,0
628,2025-01-22,Referral,instagram,Tablet,6,17,0,0,0,0,0,35,1155,0,0
629,2025-03-01,Organic Search,instagram,Mobile,7,5,0,0,0,0,0,47,1269,0,0
630,2025-01-01,Organic Search,tiktok,Mobile,4,14,0,1,0,0,0,20,460,0,0
631,2025-01-29,Referral,instagram,Desktop,2,17,0,0,0,0,0,21,462,0,0
632,2025-01-08,Organic Search,direct,Tablet,4,11,0,1,1,403986,0,3,99,1,1
633,2025-02-13,Organic Search,email,Mobile,5,9,0,0,0,0,0,33,396,0,0
634,2025-01-27,Social Media,email,Desktop,2,13,0,1,1,412287,0,45,1305,0,1
635,2025-01-06,Paid Ads,email,Mobile,4,8,0,1,0,0,8408,7,210,0,0
636,2025-01-13,Paid Ads,instagram,Mobile,1,16,0,1,1,459691,23671,40,200,0,5
637,2025-01-02,Social Media,direct,Desktop,3,13,0,0,0,0,0,16,304,0,0
638,2025-01-22,Organic Search,instagram,Desktop,7,15,0,1,1,192324,0,45,1620,0,3
639,2025-01-26,Paid Ads,email,Mobile,2,17,0,0,0,0,32416,17,153,0,0
640,2025-02-22,Paid Ads,email,Mobile,3,18,0,0,0,0,10123,15,300,0,0
641,2025-02-19,Social Media,email,Tablet,6,3,0,0,0,0,0,18,414,0,0
642,2025-01-26,Email,google,Mobile,3,15,0,0,0,0,0,8,248,0,0
643,2025-02-24,Organic Search,google,Mobile,2,4,0,0,0,0,0,39,858,0,0
644,2025-02-28,Paid Ads,email,Mobile,3,18,0,1,1,89768,38121,31,1116,0,2
645,2025-01-22,Email,email,Mobile,3,17,0,0,0,0,0,34,646,0,0
646,2025-02-08,Paid Ads,google,Mobile,5,14,0,0,0,0,58195,34,544,0,0
647,2025-02-13,Email,facebook,Mobile,7,3,0,1,0,0,0,2,22,0,0
648,2025-02-26,Paid Ads,instagram,Mobile,2,1,0,0,0,0,61906,47,1692,0,0
649,2025-02-07,Referral,email,Mobile,4,3,0,1,1,163044,0,31,279,0,4
650,2025-01-26,Email,tiktok,Mobile,5,11,0,0,0,0,0,26,416,0,0
651,2025-01-05,Organic Search,instagram,Mobile,3,1,0,0,0,0,0,28,1064,0,0
652,2025-01-30,Organic Search,instagram,Mobile,7,12,0,0,0,0,0,41,943,0,0
653,2025-01-23,Social Media,instagram,Mobile,6,11,0,0,0,0,0,34,1156,0,0
654,2025-02-02,Social Media,google,Desktop,1,15,0,0,0,0,0,10,370,0,0
655,2025-01-23,Social Media,google,Desktop,3,14,0,1,0,0,0,24,696,0,0
656,2025-02-04,Social Media,tiktok,Desktop,7,2,0,1,1,49319,0,8,184,1,5
657,2025-01-11,Paid Ads,instagram,Mobile,2,11,0,0,0,0,39932,12,300,0,0
658,2025-01-14,Organic Search,instagram,Desktop,3,16,0,0,0,0,0,43,731,0,0
659,2025-02-05,Email,google,Desktop,6,16,0,1,0,0,0,36,1152,0,0
660,2025-02-03,Organic Search,direct,Mobile,2,13,0,0,0,0,0,43,1505,0,0
661,2025-02-08,Referral,instagram,Mobile,1,3,0,1,0,0,0,7,217,0,0
662,2025-02-09,Organic Search,email,Desktop,5,9,0,0,0,0,0,24,744,0,0
663,2025-02-18,Organic Search,google,Desktop,2,5,0,0,0,0,0,2,26,0,0
664,2025-01-17,Email,email,Desktop,5,7,0,0,0,0,0,49,1470,0,0
665,2025-01-05,Organic Search,instagram,Mobile,3,1,1,1,0,0,0,49,686,0,0
666,2025-01-24,Organic Search,direct,Mobile,3,1,1,1,1,159553,0,3,93,0,3
667,2025-01-01,Social Media,instagram,Desktop,5,5,0,1,1,136991,0,31,310,0,4
668,2025-01-19,Email,google,Mobile,2,15,0,1,1,381675,0,39,1287,0,1
669,2025-01-10,Paid Ads,tiktok,Mobile,5,8,0,0,0,0,48776,28,504,0,0
670,2025-01-07,Email,facebook,Mobile,5,18,0,1,0,0,0,44,572,0,0
671,2025-01-18,Social Media,facebook,Mobile,5,12,0,0,0,0,0,11,374,0,0
672,2025-01-03,Organic Search,instagram,Desktop,1,11,0,0,0,0,0,41,1558,0,0
673,2025-01-15,Organic Search,direct,Mobile,5,18,0,0,0,0,0,2,38,0,0
674,2025-02-16,Referral,google,Desktop,4,13,0,1,0,0,0,11,308,0,0
675,2025-01-03,Referral,facebook,Mobile,6,11,0,1,0,0,0,17,238,0,0
676,2025-02-01,Organic Search,direct,Desktop,4,2,0,0,0,0,0,39,624,0,0
677,2025-01-09,Organic Search,direct,Mobile,2,8,0,0,0,0,0,40,1320,0,0
678,2025-01-14,Referral,tiktok,Desktop,5,3,0,1,0,0,0,15,420,0,0
679,2025-01-29,Paid Ads,instagram,Mobile,6,16,0,1,0,0,29330,16,176,0,0
680,2025-02-11,Paid Ads,instagram,Mobile,4,15,0,0,0,0,17267,26,1014,0,0
681,2025-01-27,Organic Search,email,Desktop,6,7,0,0,0,0,0,41,656,0,0
682,2025-02-09,Social Media,google,Mobile,7,6,0,0,0,0,0,22,396,0,0
683,2025-01-19,Paid Ads,direct,Mobile,7,13,0,1,1,144032,71837,6,78,0,4
684,2025-01-21,Paid Ads,facebook,Mobile,5,17,0,1,0,0,49154,49,1029,0,0
685,2025-01-24,Paid Ads,email,Mobile,3,3,0,1,0,0,61570,8,80,0,0
686,2025-02-25,Paid Ads,google,Mobile,7,2,0,1,1,168106,57611,39,273,0,1
687,2025-01-29,Paid Ads,google,Mobile,7,15,0,0,0,0,32269,13,507,0,0
688,2025-01-29,Paid Ads,google,Mobile,3,18,0,0,0,0,21376,22,198,0,0
689,2025-03-01,Paid Ads,facebook,Mobile,7,15,0,0,0,0,10546,25,600,0,0
690,2025-02-27,Organic Search,google,Mobile,2,12,0,1,1,361539,0,20,640,0,1
691,2025-01-16,Paid Ads,email,Mobile,2,17,0,0,0,0,25073,21,651,0,0
692,2025-02-15,Email,tiktok,Mobile,3,18,0,1,0,0,0,30,360,0,0
693,2025-02-03,Organic Search,facebook,Desktop,2,19,0,1,0,0,0,8,72,0,0
694,2025-01-01,Paid Ads,direct,Desktop,5,1,0,0,0,0,58822,9,243,0,0
695,2025-01-02,Social Media,facebook,Desktop,6,7,0,1,0,0,0,44,1452,0,0
696,2025-01-25,Email,instagram,Mobile,4,5,0,0,0,0,0,7,126,0,0
697,2025-02-09,Organic Search,instagram,Mobile,5,18,0,0,0,0,0,16,224,0,0
698,2025-02-28,Paid Ads,direct,Desktop,6,4,0,1,1,334111,41183,29,812,0,1
699,2025-02-06,Social Media,direct,Desktop,1,10,0,0,0,0,0,31,186,0,0
700,2025-02-12,Email,instagram,Mobile,3,16,0,1,0,0,0,14,406,0,0
701,2025-02-17,Email,google,Mobile,5,7,0,0,0,0,0,2,38,0,0
702,2025-01-23,Social Media,facebook,Mobile,7,7,0,0,0,0,0,41,1271,0,0
703,2025-02-13,Social Media,facebook,Mobile,6,5,0,1,1,145270,0,19,418,0,3
704,2025-01-02,Organic Search,tiktok,Mobile,6,7,0,0,0,0,0,41,1435,0,0
705,2025-01-21,Paid Ads,google,Mobile,3,17,0,1,1,470670,54351,33,495,1,1
706,2025-01-09,Paid Ads,instagram,Mobile,3,6,0,0,0,0,9686,22,616,0,0
707,2025-01-24,Email,google,Desktop,7,15,0,0,0,0,0,21,357,0,0
708,2025-02-16,Social Media,email,Mobile,7,8,0,0,0,0,0,6,114,0,0
709,2025-02-21,Paid Ads,google,Desktop,1,5,0,1,0,0,75477,5,135,0,0
710,2025-01-28,Paid Ads,tiktok,Desktop,7,5,0,1,0,0,76619,7,154,0,0
711,2025-02-05,Paid Ads,direct,Mobile,7,18,0,0,0,0,19964,47,799,0,0
712,2025-01-15,Email,tiktok,Desktop,4,6,0,0,0,0,0,18,630,0,0
713,2025-01-23,Paid Ads,direct,Mobile,2,2,0,1,0,0,52892,7,231,0,0
714,2025-02-22,Paid Ads,direct,Mobile,3,7,0,0,0,0,36465,43,1247,0,0
715,2025-01-26,Organic Search,instagram,Mobile,7,3,0,0,0,0,0,13,416,0,0
716,2025-02-23,Organic Search,email,Mobile,3,5,0,0,0,0,0,43,387,0,0
717,2025-02-25,Social Media,direct,Mobile,4,4,0,0,0,0,0,13,494,0,0
718,2025-01-26,Social Media,facebook,Desktop,6,7,0,1,1,427066,0,7,140,0,1
719,2025-02-16,Organic Search,email,Desktop,2,15,0,0,0,0,0,7,168,0,0
720,2025-01-31,Referral,google,Mobile,7,5,0,1,0,0,0,14,476,0,0
721,2025-02-12,Email,email,Mobile,4,10,0,1,1,116425,0,31,744,0,5
722,2025-01-13,Paid Ads,facebook,Tablet,7,11,0,0,0,0,71223,35,945,0,0
723,2025-02-27,Paid Ads,direct,Mobile,3,13,0,0,0,0,26158,35,805,0,0
724,2025-02-16,Organic Search,tiktok,Mobile,5,18,0,0,0,0,0,42,1050,0,0
725,2025-02-15,Paid Ads,tiktok,Mobile,6,3,0,0,0,0,61770,8,224,0,0
726,2025-01-24,Email,tiktok,Desktop,3,18,0,0,0,0,0,8,56,0,0
727,2025-02-08,Email,google,Mobile,1,1,1,0,0,0,0,7,133,0,0
728,2025-02-27,Paid Ads,direct,Mobile,5,19,0,1,0,0,69604,7,189,0,0
729,2025-02-26,Referral,instagram,Mobile,7,4,0,0,0,0,0,49,1078,0,0
730,2025-03-01,Social Media,instagram,Desktop,7,19,0,0,0,0,0,49,539,0,0
731,2025-01-25,Paid Ads,tiktok,Desktop,5,12,0,1,1,44849,53960,1,8,1,5
732,2025-01-23,Social Media,facebook,Desktop,5,17,0,0,0,0,0,28,224,0,0
733,2025-01-28,Social Media,tiktok,Mobile,4,16,0,0,0,0,0,10,230,0,0
734,2025-01-03,Social Media,facebook,Mobile,7,17,0,1,0,0,0,2,64,0,0
735,2025-02-20,Referral,google,Desktop,3,12,0,0,0,0,0,21,567,0,0
736,2025-01-19,Referral,instagram,Mobile,3,1,1,1,0,0,0,1,28,0,0
737,2025-02-13,Organic Search,email,Mobile,1,12,0,0,0,0,0,30,330,0,0
738,2025-02-07,Organic Search,google,Mobile,7,8,0,0,0,0,0,6,120,0,0
739,2025-01-18,Paid Ads,facebook,Mobile,6,17,0,1,0,0,13607,22,176,0,0
740,2025-02-22,Organic Search,tiktok,Desktop,6,5,0,1,0,0,0,39,1131,0,0
741,2025-01-18,Paid Ads,email,Desktop,5,7,0,1,1,265989,58115,47,1504,1,2
742,2025-01-05,Paid Ads,email,Mobile,5,16,0,0,0,0,63174,36,828,0,0
743,2025-01-26,Email,direct,Mobile,7,5,0,1,0,0,0,22,550,0,0
744,2025-01-30,Paid Ads,direct,Desktop,1,15,0,1,0,0,56831,13,312,0,0
745,2025-01-12,Paid Ads,instagram,Mobile,4,9,0,1,1,265376,68820,20,640,0,1
746,2025-02-07,Social Media,email,Mobile,7,17,0,1,1,88769,0,27,378,0,1
747,2025-02-01,Social Media,direct,Mobile,5,16,0,1,0,0,0,48,816,0,0
748,2025-02-28,Organic Search,google,Desktop,7,13,0,0,0,0,0,13,286,0,0
749,2025-01-04,Email,direct,Mobile,3,16,0,1,0,0,0,16,208,0,0
750,2025-01-31,Paid Ads,tiktok,Desktop,5,1,0,0,0,0,52325,3,15,0,0
751,2025-01-14,Paid Ads,direct,Mobile,5,14,0,0,0,0,51934,9,81,0,0
752,2025-01-06,Organic Search,instagram,Mobile,1,15,0,0,0,0,0,2,30,0,0
753,2025-02-26,Paid Ads,google,Desktop,5,3,0,1,1,295178,57999,44,748,0,2
754,2025-02-09,Social Media,tiktok,Mobile,5,8,0,0,0,0,0,14,322,0,0
755,2025-01-01,Referral,email,Mobile,1,10,0,1,1,383207,0,2,26,0,4
756,2025-02-12,Email,direct,Desktop,4,4,0,1,1,394021,0,44,440,0,4
757,2025-02-14,Email,google,Desktop,7,4,0,0,0,0,0,44,1100,0,0
758,2025-02-26,Paid Ads,instagram,Mobile,5,12,0,0,0,0,17224,29,1131,0,0
759,2025-01-16,Organic Search,facebook,Desktop,6,19,0,0,0,0,0,35,525,0,0
760,2025-02-23,Referral,email,Desktop,7,5,0,1,1,345988,0,44,1584,0,5
761,2025-02-06,Email,facebook,Desktop,3,3,0,0,0,0,0,24,624,0,0
762,2025-02-14,Social Media,instagram,Mobile,1,1,0,0,0,0,0,8,312,0,0
763,2025-01-14,Social Media,instagram,Desktop,3,4,0,0,0,0,0,46,322,0,0
764,2025-02-02,Paid Ads,facebook,Mobile,7,19,0,0,0,0,9847,3,84,0,0
765,2025-02-22,Paid Ads,tiktok,Mobile,5,4,0,1,1,160652,56741,8,48,0,1
766,2025-02-25,Paid Ads,tiktok,Desktop,7,1,0,0,0,0,47914,28,1036,0,0
767,2025-02-28,Referral,email,Desktop,1,19,0,1,0,0,0,41,1066,0,0
768,2025-02-02,Paid Ads,email,Mobile,1,3,0,0,0,0,45624,35,210,0,0
769,2025-02-24,Referral,email,Mobile,5,8,0,1,0,0,0,19,608,0,0
770,2025-01-12,Paid Ads,google,Mobile,6,1,0,1,0,0,75520,49,686,0,0
771,2025-02-13,Email,google,Mobile,2,7,0,1,0,0,0,47,1222,0,0
772,2025-01-02,Organic Search,google,Mobile,7,8,0,1,1,450100,0,45,765,0,3
773,2025-02-02,Paid Ads,tiktok,Mobile,5,17,0,1,0,0,59366,7,203,0,0
774,2025-02-09,Social Media,tiktok,Mobile,7,19,0,0,0,0,0,42,1344,0,0
775,2025-01-07,Social Media,email,Mobile,7,1,1,1,1,436406,0,30,600,0,2
776,2025-02-18,Social Media,facebook,Desktop,1,19,0,0,0,0,0,38,418,0,0
777,2025-01-04,Social Media,facebook,Mobile,4,12,0,1,0,0,0,32,608,0,0
778,2025-02-08,Social Media,tiktok,Tablet,2,14,0,0,0,0,0,4,108,0,0
779,2025-02-25,Email,direct,Mobile,5,6,0,0,0,0,0,36,180,0,0
780,2025-01-31,Organic Search,google,Desktop,7,14,0,0,0,0,0,23,414,0,0
781,2025-01-05,Referral,direct,Desktop,4,19,0,0,0,0,0,2,70,0,0
782,2025-01-28,Organic Search,tiktok,Desktop,5,1,0,0,0,0,0,12,144,0,0
783,2025-02-10,Paid Ads,tiktok,Mobile,2,14,0,0,0,0,42575,32,416,0,0
784,2025-01-31,Referral,google,Mobile,2,17,0,0,0,0,0,40,1120,0,0
785,2025-01-27,Paid Ads,direct,Desktop,3,18,0,0,0,0,24556,11,154,0,0
786,2025-02-16,Organic Search,email,Mobile,5,4,0,1,1,106441,0,19,247,0,1
787,2025-02-25,Social Media,instagram,Mobile,5,1,0,0,0,0,0,29,406,0,0
788,2025-02-11,Email,direct,Mobile,2,3,0,0,0,0,0,1,13,0,0
789,2025-02-24,Organic Search,facebook,Mobile,5,10,0,0,0,0,0,28,1008,0,0
790,2025-02-21,Paid Ads,direct,Desktop,4,4,0,1,0,0,18893,11,99,0,0
791,2025-01-27,Social Media,google,Mobile,6,7,0,1,1,208552,0,3,48,1,1
792,2025-01-28,Social Media,email,Mobile,2,3,0,0,0,0,0,38,836,0,0
793,2025-01-26,Social Media,google,Desktop,7,18,0,1,0,0,0,17,510,0,0
794,2025-01-03,Paid Ads,instagram,Desktop,6,6,0,0,0,0,51745,20,320,0,0
795,2025-01-22,Email,email,Mobile,3,7,0,0,0,0,0,18,414,0,0
796,2025-02-14,Email,facebook,Mobile,6,2,0,0,0,0,0,49,1470,0,0
797,2025-01-21,Email,instagram,Mobile,5,10,0,1,1,361793,0,47,564,0,2
798,2025-01-11,Email,tiktok,Tablet,3,14,0,1,0,0,0,5,195,0,0
799,2025-02-19,Social Media,tiktok,Mobile,5,16,0,0,0,0,0,3,84,0,0
800,2025-02-03,Social Media,tiktok,Desktop,6,13,0,0,0,0,0,25,500,0,0
